,timestamp,pilot,brackets,module_or_ammo,amount
1266,2023-02-23 16:34:31,Hollindustries,Dravynea Uta  Bhaalgorn ,Large Remote Armor Repairer II,0
1267,2023-02-23 16:34:32,Hollindustries,Dravynea Uta  Bhaalgorn ,Large Remote Armor Repairer II,0
1269,2023-02-23 16:34:37,Hollindustries,Dravynea Uta  Bhaalgorn ,Large Remote Armor Repairer II,0
1270,2023-02-23 16:34:38,Hollindustries,Dravynea Uta  Bhaalgorn ,Large Remote Armor Repairer II,0
1271,2023-02-23 16:34:43,Hollindustries,Dravynea Uta  Bhaalgorn ,Large Remote Armor Repairer II,0
1273,2023-02-23 16:34:44,Hollindustries,Dravynea Uta  Bhaalgorn ,Large Remote Armor Repairer II,0
1274,2023-02-23 16:34:49,Hollindustries,Dravynea Uta  Bhaalgorn ,Large Remote Armor Repairer II,0
1275,2023-02-23 16:34:50,Hollindustries,Dravynea Uta  Bhaalgorn ,Large Remote Armor Repairer II,0
1277,2023-02-23 16:34:55,Hollindustries,Dravynea Uta  Bhaalgorn ,Large Remote Armor Repairer II,0
1278,2023-02-23 16:34:56,Hollindustries,Dravynea Uta  Bhaalgorn ,Large Remote Armor Repairer II,0
1279,2023-02-23 16:35:01,Hollindustries,Dravynea Uta  Bhaalgorn ,Large Remote Armor Repairer II,0
1280,2023-02-23 16:35:02,Hollindustries,Dravynea Uta  Bhaalgorn ,Large Remote Armor Repairer II,0
1282,2023-02-23 16:35:07,Hollindustries,Dravynea Uta  Bhaalgorn ,Large Remote Armor Repairer II,0
1283,2023-02-23 16:35:08,Hollindustries,Dravynea Uta  Bhaalgorn ,Large Remote Armor Repairer II,0
1284,2023-02-23 16:35:13,Hollindustries,Dravynea Uta  Bhaalgorn ,Large Remote Armor Repairer II,0
1286,2023-02-23 16:35:14,Hollindustries,Dravynea Uta  Bhaalgorn ,Large Remote Armor Repairer II,0
1287,2023-02-23 16:35:19,Hollindustries,Dravynea Uta  Bhaalgorn ,Large Remote Armor Repairer II,0
1288,2023-02-23 16:35:20,Hollindustries,Dravynea Uta  Bhaalgorn ,Large Remote Armor Repairer II,0
1290,2023-02-23 16:35:25,Hollindustries,Dravynea Uta  Bhaalgorn ,Large Remote Armor Repairer II,0
1291,2023-02-23 16:35:26,Hollindustries,Dravynea Uta  Bhaalgorn ,Large Remote Armor Repairer II,0
1292,2023-02-23 16:35:31,Hollindustries,Dravynea Uta  Bhaalgorn ,Large Remote Armor Repairer II,0
1293,2023-02-23 16:35:32,Hollindustries,Dravynea Uta  Bhaalgorn ,Large Remote Armor Repairer II,0
1295,2023-02-23 16:35:37,Hollindustries,Dravynea Uta  Bhaalgorn ,Large Remote Armor Repairer II,0
1296,2023-02-23 16:35:38,Hollindustries,Dravynea Uta  Bhaalgorn ,Large Remote Armor Repairer II,0
1297,2023-02-23 16:35:43,Hollindustries,Dravynea Uta  Bhaalgorn ,Large Remote Armor Repairer II,0
1299,2023-02-23 16:35:44,Hollindustries,Dravynea Uta  Bhaalgorn ,Large Remote Armor Repairer II,0
1300,2023-02-23 16:35:49,Hollindustries,Dravynea Uta  Bhaalgorn ,Large Remote Armor Repairer II,0
1301,2023-02-23 16:35:50,Hollindustries,Dravynea Uta  Bhaalgorn ,Large Remote Armor Repairer II,0
1303,2023-02-23 16:35:56,Hollindustries,Dravynea Uta  Bhaalgorn ,Large Remote Armor Repairer II,0
1304,2023-02-23 16:35:56,Hollindustries,Dravynea Uta  Bhaalgorn ,Large Remote Armor Repairer II,0
1305,2023-02-23 16:36:02,Hollindustries,Dravynea Uta  Bhaalgorn ,Large Remote Armor Repairer II,0
1306,2023-02-23 16:36:02,Hollindustries,Dravynea Uta  Bhaalgorn ,Large Remote Armor Repairer II,0
1308,2023-02-23 16:36:08,Hollindustries,Dravynea Uta  Bhaalgorn ,Large Remote Armor Repairer II,0
1309,2023-02-23 16:36:08,Hollindustries,Dravynea Uta  Bhaalgorn ,Large Remote Armor Repairer II,0
1311,2023-02-23 16:36:14,Hollindustries,Dravynea Uta  Bhaalgorn ,Large Remote Armor Repairer II,0
1312,2023-02-23 16:36:14,Hollindustries,Dravynea Uta  Bhaalgorn ,Large Remote Armor Repairer II,0
1321,2023-02-23 16:36:20,Hollindustries,Dravynea Uta  Bhaalgorn ,Large Remote Armor Repairer II,0
1322,2023-02-23 16:36:20,Hollindustries,Dravynea Uta  Bhaalgorn ,Large Remote Armor Repairer II,0
1334,2023-02-23 16:36:26,Hollindustries,Dravynea Uta  Bhaalgorn ,Large Remote Armor Repairer II,0
1335,2023-02-23 16:36:26,Hollindustries,Dravynea Uta  Bhaalgorn ,Large Remote Armor Repairer II,0
1341,2023-02-23 16:36:32,Hollindustries,Dravynea Uta  Bhaalgorn ,Large Remote Armor Repairer II,0
1342,2023-02-23 16:36:32,Hollindustries,Dravynea Uta  Bhaalgorn ,Large Remote Armor Repairer II,0
1354,2023-02-23 16:36:38,Hollindustries,Dravynea Uta  Bhaalgorn ,Large Remote Armor Repairer II,0
1355,2023-02-23 16:36:38,Hollindustries,Dravynea Uta  Bhaalgorn ,Large Remote Armor Repairer II,0
1362,2023-02-23 16:36:44,Hollindustries,Dravynea Uta  Bhaalgorn ,Large Remote Armor Repairer II,0
1363,2023-02-23 16:36:44,Hollindustries,Dravynea Uta  Bhaalgorn ,Large Remote Armor Repairer II,0
1374,2023-02-23 16:36:50,Hollindustries,Dravynea Uta  Bhaalgorn ,Large Remote Armor Repairer II,0
1375,2023-02-23 16:36:50,Hollindustries,Dravynea Uta  Bhaalgorn ,Large Remote Armor Repairer II,0
1382,2023-02-23 16:36:56,Hollindustries,Dravynea Uta  Bhaalgorn ,Large Remote Armor Repairer II,0
1383,2023-02-23 16:36:56,Hollindustries,Dravynea Uta  Bhaalgorn ,Large Remote Armor Repairer II,0
1394,2023-02-23 16:37:02,Hollindustries,Dravynea Uta  Bhaalgorn ,Large Remote Armor Repairer II,0
1395,2023-02-23 16:37:02,Hollindustries,Dravynea Uta  Bhaalgorn ,Large Remote Armor Repairer II,0
1401,2023-02-23 16:37:08,Hollindustries,Dravynea Uta  Bhaalgorn ,Large Remote Armor Repairer II,244
1402,2023-02-23 16:37:08,Hollindustries,Dravynea Uta  Bhaalgorn ,Large Remote Armor Repairer II,0
1413,2023-02-23 16:37:14,Hollindustries,Dravynea Uta  Bhaalgorn ,Large Remote Armor Repairer II,491
1414,2023-02-23 16:37:14,Hollindustries,Dravynea Uta  Bhaalgorn ,Large Remote Armor Repairer II,0
1420,2023-02-23 16:37:20,Hollindustries,Dravynea Uta  Bhaalgorn ,Large Remote Armor Repairer II,165
1421,2023-02-23 16:37:20,Hollindustries,Dravynea Uta  Bhaalgorn ,Large Remote Armor Repairer II,0
1432,2023-02-23 16:37:26,Hollindustries,Dravynea Uta  Bhaalgorn ,Large Remote Armor Repairer II,244
1433,2023-02-23 16:37:26,Hollindustries,Dravynea Uta  Bhaalgorn ,Large Remote Armor Repairer II,0
1439,2023-02-23 16:37:32,Hollindustries,Dravynea Uta  Bhaalgorn ,Large Remote Armor Repairer II,128
1440,2023-02-23 16:37:32,Hollindustries,Dravynea Uta  Bhaalgorn ,Large Remote Armor Repairer II,0
1451,2023-02-23 16:37:38,Hollindustries,Dravynea Uta  Bhaalgorn ,Large Remote Armor Repairer II,255
1452,2023-02-23 16:37:38,Hollindustries,Dravynea Uta  Bhaalgorn ,Large Remote Armor Repairer II,0
1458,2023-02-23 16:37:44,Hollindustries,Dravynea Uta  Bhaalgorn ,Large Remote Armor Repairer II,107
1459,2023-02-23 16:37:44,Hollindustries,Dravynea Uta  Bhaalgorn ,Large Remote Armor Repairer II,0
1470,2023-02-23 16:37:50,Hollindustries,Dravynea Uta  Bhaalgorn ,Large Remote Armor Repairer II,222
1471,2023-02-23 16:37:50,Hollindustries,Dravynea Uta  Bhaalgorn ,Large Remote Armor Repairer II,0
1477,2023-02-23 16:37:56,Hollindustries,Dravynea Uta  Bhaalgorn ,Large Remote Armor Repairer II,122
1478,2023-02-23 16:37:56,Hollindustries,Dravynea Uta  Bhaalgorn ,Large Remote Armor Repairer II,0
1489,2023-02-23 16:38:02,Hollindustries,Dravynea Uta  Bhaalgorn ,Large Remote Armor Repairer II,275
1490,2023-02-23 16:38:02,Hollindustries,Dravynea Uta  Bhaalgorn ,Large Remote Armor Repairer II,0
1496,2023-02-23 16:38:08,Hollindustries,Dravynea Uta  Bhaalgorn ,Large Remote Armor Repairer II,114
1497,2023-02-23 16:38:08,Hollindustries,Dravynea Uta  Bhaalgorn ,Large Remote Armor Repairer II,0
1508,2023-02-23 16:38:14,Hollindustries,Dravynea Uta  Bhaalgorn ,Large Remote Armor Repairer II,251
1509,2023-02-23 16:38:14,Hollindustries,Dravynea Uta  Bhaalgorn ,Large Remote Armor Repairer II,0
1515,2023-02-23 16:38:20,Hollindustries,Dravynea Uta  Bhaalgorn ,Large Remote Armor Repairer II,122
1516,2023-02-23 16:38:20,Hollindustries,Dravynea Uta  Bhaalgorn ,Large Remote Armor Repairer II,0
1527,2023-02-23 16:38:26,Hollindustries,Dravynea Uta  Bhaalgorn ,Large Remote Armor Repairer II,223
1528,2023-02-23 16:38:26,Hollindustries,Dravynea Uta  Bhaalgorn ,Large Remote Armor Repairer II,0
1534,2023-02-23 16:38:32,Hollindustries,Dravynea Uta  Bhaalgorn ,Large Remote Armor Repairer II,130
1535,2023-02-23 16:38:32,Hollindustries,Dravynea Uta  Bhaalgorn ,Large Remote Armor Repairer II,0
1546,2023-02-23 16:38:38,Hollindustries,Dravynea Uta  Bhaalgorn ,Large Remote Armor Repairer II,200
1547,2023-02-23 16:38:38,Hollindustries,Dravynea Uta  Bhaalgorn ,Large Remote Armor Repairer II,0
1553,2023-02-23 16:38:44,Hollindustries,Dravynea Uta  Bhaalgorn ,Large Remote Armor Repairer II,151
1554,2023-02-23 16:38:44,Hollindustries,Dravynea Uta  Bhaalgorn ,Large Remote Armor Repairer II,0
1565,2023-02-23 16:38:50,Hollindustries,Dravynea Uta  Bhaalgorn ,Large Remote Armor Repairer II,259
1566,2023-02-23 16:38:50,Hollindustries,Dravynea Uta  Bhaalgorn ,Large Remote Armor Repairer II,0
1572,2023-02-23 16:38:56,Hollindustries,Dravynea Uta  Bhaalgorn ,Large Remote Armor Repairer II,98
1573,2023-02-23 16:38:56,Hollindustries,Dravynea Uta  Bhaalgorn ,Large Remote Armor Repairer II,0
1584,2023-02-23 16:39:02,Hollindustries,Dravynea Uta  Bhaalgorn ,Large Remote Armor Repairer II,263
1585,2023-02-23 16:39:02,Hollindustries,Dravynea Uta  Bhaalgorn ,Large Remote Armor Repairer II,0
1591,2023-02-23 16:39:08,Hollindustries,Dravynea Uta  Bhaalgorn ,Large Remote Armor Repairer II,128
1592,2023-02-23 16:39:08,Hollindustries,Dravynea Uta  Bhaalgorn ,Large Remote Armor Repairer II,0
1603,2023-02-23 16:39:14,Hollindustries,Dravynea Uta  Bhaalgorn ,Large Remote Armor Repairer II,228
1604,2023-02-23 16:39:14,Hollindustries,Dravynea Uta  Bhaalgorn ,Large Remote Armor Repairer II,0
1610,2023-02-23 16:39:20,Hollindustries,Dravynea Uta  Bhaalgorn ,Large Remote Armor Repairer II,105
1611,2023-02-23 16:39:20,Hollindustries,Dravynea Uta  Bhaalgorn ,Large Remote Armor Repairer II,0
1622,2023-02-23 16:39:26,Hollindustries,Dravynea Uta  Bhaalgorn ,Large Remote Armor Repairer II,218
1623,2023-02-23 16:39:26,Hollindustries,Dravynea Uta  Bhaalgorn ,Large Remote Armor Repairer II,0
1629,2023-02-23 16:39:32,Hollindustries,Dravynea Uta  Bhaalgorn ,Large Remote Armor Repairer II,82
1630,2023-02-23 16:39:32,Hollindustries,Dravynea Uta  Bhaalgorn ,Large Remote Armor Repairer II,0
1641,2023-02-23 16:39:38,Hollindustries,Dravynea Uta  Bhaalgorn ,Large Remote Armor Repairer II,253
1642,2023-02-23 16:39:38,Hollindustries,Dravynea Uta  Bhaalgorn ,Large Remote Armor Repairer II,0
1648,2023-02-23 16:39:44,Hollindustries,Dravynea Uta  Bhaalgorn ,Large Remote Armor Repairer II,137
1649,2023-02-23 16:39:44,Hollindustries,Dravynea Uta  Bhaalgorn ,Large Remote Armor Repairer II,0
1660,2023-02-23 16:39:50,Hollindustries,Dravynea Uta  Bhaalgorn ,Large Remote Armor Repairer II,238
1661,2023-02-23 16:39:50,Hollindustries,Dravynea Uta  Bhaalgorn ,Large Remote Armor Repairer II,0
1667,2023-02-23 16:39:56,Hollindustries,Dravynea Uta  Bhaalgorn ,Large Remote Armor Repairer II,96
1668,2023-02-23 16:39:56,Hollindustries,Dravynea Uta  Bhaalgorn ,Large Remote Armor Repairer II,0
1679,2023-02-23 16:40:02,Hollindustries,Dravynea Uta  Bhaalgorn ,Large Remote Armor Repairer II,244
1680,2023-02-23 16:40:03,Hollindustries,Dravynea Uta  Bhaalgorn ,Large Remote Armor Repairer II,0
1686,2023-02-23 16:40:08,Hollindustries,Dravynea Uta  Bhaalgorn ,Large Remote Armor Repairer II,123
1687,2023-02-23 16:40:09,Hollindustries,Dravynea Uta  Bhaalgorn ,Large Remote Armor Repairer II,0
1698,2023-02-23 16:40:14,Hollindustries,Dravynea Uta  Bhaalgorn ,Large Remote Armor Repairer II,263
1699,2023-02-23 16:40:15,Hollindustries,Dravynea Uta  Bhaalgorn ,Large Remote Armor Repairer II,0
1705,2023-02-23 16:40:20,Hollindustries,Dravynea Uta  Bhaalgorn ,Large Remote Armor Repairer II,137
1706,2023-02-23 16:40:21,Hollindustries,Dravynea Uta  Bhaalgorn ,Large Remote Armor Repairer II,0
1717,2023-02-23 16:40:26,Hollindustries,Dravynea Uta  Bhaalgorn ,Large Remote Armor Repairer II,253
1718,2023-02-23 16:40:27,Hollindustries,Dravynea Uta  Bhaalgorn ,Large Remote Armor Repairer II,0
1724,2023-02-23 16:40:32,Hollindustries,Dravynea Uta  Bhaalgorn ,Large Remote Armor Repairer II,118
1725,2023-02-23 16:40:33,Hollindustries,Dravynea Uta  Bhaalgorn ,Large Remote Armor Repairer II,0
1736,2023-02-23 16:40:38,Hollindustries,Dravynea Uta  Bhaalgorn ,Large Remote Armor Repairer II,278
1737,2023-02-23 16:40:39,Hollindustries,Dravynea Uta  Bhaalgorn ,Large Remote Armor Repairer II,0
1743,2023-02-23 16:40:44,Hollindustries,Dravynea Uta  Bhaalgorn ,Large Remote Armor Repairer II,126
1744,2023-02-23 16:40:45,Hollindustries,Dravynea Uta  Bhaalgorn ,Large Remote Armor Repairer II,0
1755,2023-02-23 16:40:50,Hollindustries,Dravynea Uta  Bhaalgorn ,Large Remote Armor Repairer II,236
1756,2023-02-23 16:40:51,Hollindustries,Dravynea Uta  Bhaalgorn ,Large Remote Armor Repairer II,0
1762,2023-02-23 16:40:56,Hollindustries,Dravynea Uta  Bhaalgorn ,Large Remote Armor Repairer II,123
1763,2023-02-23 16:40:57,Hollindustries,Dravynea Uta  Bhaalgorn ,Large Remote Armor Repairer II,0
1774,2023-02-23 16:41:02,Hollindustries,Dravynea Uta  Bhaalgorn ,Large Remote Armor Repairer II,236
1775,2023-02-23 16:41:03,Hollindustries,Dravynea Uta  Bhaalgorn ,Large Remote Armor Repairer II,0
1781,2023-02-23 16:41:08,Hollindustries,Dravynea Uta  Bhaalgorn ,Large Remote Armor Repairer II,127
1782,2023-02-23 16:41:09,Hollindustries,Dravynea Uta  Bhaalgorn ,Large Remote Armor Repairer II,0
1793,2023-02-23 16:41:14,Hollindustries,Dravynea Uta  Bhaalgorn ,Large Remote Armor Repairer II,236
1794,2023-02-23 16:41:15,Hollindustries,Dravynea Uta  Bhaalgorn ,Large Remote Armor Repairer II,0
1800,2023-02-23 16:41:20,Hollindustries,Dravynea Uta  Bhaalgorn ,Large Remote Armor Repairer II,132
1801,2023-02-23 16:41:21,Hollindustries,Dravynea Uta  Bhaalgorn ,Large Remote Armor Repairer II,0
1812,2023-02-23 16:41:26,Hollindustries,Dravynea Uta  Bhaalgorn ,Large Remote Armor Repairer II,225
1813,2023-02-23 16:41:27,Hollindustries,Dravynea Uta  Bhaalgorn ,Large Remote Armor Repairer II,0
1819,2023-02-23 16:41:32,Hollindustries,Dravynea Uta  Bhaalgorn ,Large Remote Armor Repairer II,131
1820,2023-02-23 16:41:33,Hollindustries,Dravynea Uta  Bhaalgorn ,Large Remote Armor Repairer II,0
1831,2023-02-23 16:41:38,Hollindustries,Dravynea Uta  Bhaalgorn ,Large Remote Armor Repairer II,251
1832,2023-02-23 16:41:39,Hollindustries,Dravynea Uta  Bhaalgorn ,Large Remote Armor Repairer II,0
1838,2023-02-23 16:41:44,Hollindustries,Dravynea Uta  Bhaalgorn ,Large Remote Armor Repairer II,109
1839,2023-02-23 16:41:45,Hollindustries,Dravynea Uta  Bhaalgorn ,Large Remote Armor Repairer II,0
1850,2023-02-23 16:41:50,Hollindustries,Dravynea Uta  Bhaalgorn ,Large Remote Armor Repairer II,179
1851,2023-02-23 16:41:51,Hollindustries,Dravynea Uta  Bhaalgorn ,Large Remote Armor Repairer II,0
1857,2023-02-23 16:41:56,Hollindustries,Dravynea Uta  Bhaalgorn ,Large Remote Armor Repairer II,145
1858,2023-02-23 16:41:57,Hollindustries,Dravynea Uta  Bhaalgorn ,Large Remote Armor Repairer II,0
1869,2023-02-23 16:42:02,Hollindustries,Dravynea Uta  Bhaalgorn ,Large Remote Armor Repairer II,197
1870,2023-02-23 16:42:03,Hollindustries,Dravynea Uta  Bhaalgorn ,Large Remote Armor Repairer II,0
1876,2023-02-23 16:42:08,Hollindustries,Dravynea Uta  Bhaalgorn ,Large Remote Armor Repairer II,107
1877,2023-02-23 16:42:09,Hollindustries,Dravynea Uta  Bhaalgorn ,Large Remote Armor Repairer II,0
1888,2023-02-23 16:42:14,Hollindustries,Dravynea Uta  Bhaalgorn ,Large Remote Armor Repairer II,204
1889,2023-02-23 16:42:15,Hollindustries,Dravynea Uta  Bhaalgorn ,Large Remote Armor Repairer II,0
1895,2023-02-23 16:42:20,Hollindustries,Dravynea Uta  Bhaalgorn ,Large Remote Armor Repairer II,114
1896,2023-02-23 16:42:21,Hollindustries,Dravynea Uta  Bhaalgorn ,Large Remote Armor Repairer II,0
1907,2023-02-23 16:42:27,Hollindustries,Dravynea Uta  Bhaalgorn ,Large Remote Armor Repairer II,266
1908,2023-02-23 16:42:27,Hollindustries,Dravynea Uta  Bhaalgorn ,Large Remote Armor Repairer II,0
1914,2023-02-23 16:42:33,Hollindustries,Dravynea Uta  Bhaalgorn ,Large Remote Armor Repairer II,113
1915,2023-02-23 16:42:33,Hollindustries,Dravynea Uta  Bhaalgorn ,Large Remote Armor Repairer II,0
1926,2023-02-23 16:42:39,Hollindustries,Dravynea Uta  Bhaalgorn ,Large Remote Armor Repairer II,245
1927,2023-02-23 16:42:39,Hollindustries,Dravynea Uta  Bhaalgorn ,Large Remote Armor Repairer II,0
1933,2023-02-23 16:42:45,Hollindustries,Dravynea Uta  Bhaalgorn ,Large Remote Armor Repairer II,130
1934,2023-02-23 16:42:45,Hollindustries,Dravynea Uta  Bhaalgorn ,Large Remote Armor Repairer II,0
1945,2023-02-23 16:42:51,Hollindustries,Dravynea Uta  Bhaalgorn ,Large Remote Armor Repairer II,222
1946,2023-02-23 16:42:51,Hollindustries,Dravynea Uta  Bhaalgorn ,Large Remote Armor Repairer II,0
1952,2023-02-23 16:42:57,Hollindustries,Dravynea Uta  Bhaalgorn ,Large Remote Armor Repairer II,145
1953,2023-02-23 16:42:57,Hollindustries,Dravynea Uta  Bhaalgorn ,Large Remote Armor Repairer II,0
1964,2023-02-23 16:43:03,Hollindustries,Dravynea Uta  Bhaalgorn ,Large Remote Armor Repairer II,257
1965,2023-02-23 16:43:03,Hollindustries,Dravynea Uta  Bhaalgorn ,Large Remote Armor Repairer II,0
1971,2023-02-23 16:43:09,Hollindustries,Dravynea Uta  Bhaalgorn ,Large Remote Armor Repairer II,82
1972,2023-02-23 16:43:09,Hollindustries,Dravynea Uta  Bhaalgorn ,Large Remote Armor Repairer II,0
1983,2023-02-23 16:43:15,Hollindustries,Dravynea Uta  Bhaalgorn ,Large Remote Armor Repairer II,252
1984,2023-02-23 16:43:15,Hollindustries,Dravynea Uta  Bhaalgorn ,Large Remote Armor Repairer II,0
1990,2023-02-23 16:43:21,Hollindustries,Dravynea Uta  Bhaalgorn ,Large Remote Armor Repairer II,110
1991,2023-02-23 16:43:21,Hollindustries,Dravynea Uta  Bhaalgorn ,Large Remote Armor Repairer II,0
2002,2023-02-23 16:43:27,Hollindustries,Dravynea Uta  Bhaalgorn ,Large Remote Armor Repairer II,256
2003,2023-02-23 16:43:27,Hollindustries,Dravynea Uta  Bhaalgorn ,Large Remote Armor Repairer II,0
2009,2023-02-23 16:43:33,Hollindustries,Dravynea Uta  Bhaalgorn ,Large Remote Armor Repairer II,113
2010,2023-02-23 16:43:33,Hollindustries,Dravynea Uta  Bhaalgorn ,Large Remote Armor Repairer II,0
2021,2023-02-23 16:43:39,Hollindustries,Dravynea Uta  Bhaalgorn ,Large Remote Armor Repairer II,248
2022,2023-02-23 16:43:39,Hollindustries,Dravynea Uta  Bhaalgorn ,Large Remote Armor Repairer II,0
2028,2023-02-23 16:43:45,Hollindustries,Dravynea Uta  Bhaalgorn ,Large Remote Armor Repairer II,120
2029,2023-02-23 16:43:45,Hollindustries,Dravynea Uta  Bhaalgorn ,Large Remote Armor Repairer II,0
2040,2023-02-23 16:43:51,Hollindustries,Dravynea Uta  Bhaalgorn ,Large Remote Armor Repairer II,246
2041,2023-02-23 16:43:51,Hollindustries,Dravynea Uta  Bhaalgorn ,Large Remote Armor Repairer II,0
2047,2023-02-23 16:43:57,Hollindustries,Dravynea Uta  Bhaalgorn ,Large Remote Armor Repairer II,127
2048,2023-02-23 16:43:57,Hollindustries,Dravynea Uta  Bhaalgorn ,Large Remote Armor Repairer II,0
2059,2023-02-23 16:44:03,Hollindustries,Dravynea Uta  Bhaalgorn ,Large Remote Armor Repairer II,268
2060,2023-02-23 16:44:03,Hollindustries,Dravynea Uta  Bhaalgorn ,Large Remote Armor Repairer II,0
2066,2023-02-23 16:44:09,Hollindustries,Dravynea Uta  Bhaalgorn ,Large Remote Armor Repairer II,138
2067,2023-02-23 16:44:09,Hollindustries,Dravynea Uta  Bhaalgorn ,Large Remote Armor Repairer II,0
2078,2023-02-23 16:44:15,Hollindustries,Dravynea Uta  Bhaalgorn ,Large Remote Armor Repairer II,279
2079,2023-02-23 16:44:15,Hollindustries,Dravynea Uta  Bhaalgorn ,Large Remote Armor Repairer II,0
2085,2023-02-23 16:44:21,Hollindustries,Dravynea Uta  Bhaalgorn ,Large Remote Armor Repairer II,99
2086,2023-02-23 16:44:21,Hollindustries,Dravynea Uta  Bhaalgorn ,Large Remote Armor Repairer II,0
2097,2023-02-23 16:44:27,Hollindustries,Dravynea Uta  Bhaalgorn ,Large Remote Armor Repairer II,277
2098,2023-02-23 16:44:27,Hollindustries,Dravynea Uta  Bhaalgorn ,Large Remote Armor Repairer II,0
2104,2023-02-23 16:44:33,Hollindustries,Dravynea Uta  Bhaalgorn ,Large Remote Armor Repairer II,166
2105,2023-02-23 16:44:33,Hollindustries,Dravynea Uta  Bhaalgorn ,Large Remote Armor Repairer II,0
2116,2023-02-23 16:44:39,Hollindustries,Dravynea Uta  Bhaalgorn ,Large Remote Armor Repairer II,291
2117,2023-02-23 16:44:39,Hollindustries,Dravynea Uta  Bhaalgorn ,Large Remote Armor Repairer II,0
2123,2023-02-23 16:44:45,Hollindustries,Dravynea Uta  Bhaalgorn ,Large Remote Armor Repairer II,126
2124,2023-02-23 16:44:45,Hollindustries,Dravynea Uta  Bhaalgorn ,Large Remote Armor Repairer II,0
2135,2023-02-23 16:44:51,Hollindustries,Dravynea Uta  Bhaalgorn ,Large Remote Armor Repairer II,249
2136,2023-02-23 16:44:51,Hollindustries,Dravynea Uta  Bhaalgorn ,Large Remote Armor Repairer II,0
2144,2023-02-23 16:44:57,Hollindustries,Dravynea Uta  Bhaalgorn ,Large Remote Armor Repairer II,136
2145,2023-02-23 16:44:57,Hollindustries,Dravynea Uta  Bhaalgorn ,Large Remote Armor Repairer II,0
2146,2023-02-23 16:45:03,Hollindustries,Dravynea Uta  Bhaalgorn ,Large Remote Armor Repairer II,0
2147,2023-02-23 16:45:03,Hollindustries,Dravynea Uta  Bhaalgorn ,Large Remote Armor Repairer II,0
7974,2023-02-02 01:10:27,Hollindustries,Hecate -BUH-,Large Remote Armor Repairer II,0
8033,2023-01-29 17:55:28,Hollindustries,Nestor ,Large Remote Armor Repairer II,768
8034,2023-01-29 17:55:28,Hollindustries,Nestor ,Large Remote Armor Repairer II,768
8035,2023-01-29 17:55:32,Hollindustries,Nestor ,Large Remote Armor Repairer II,768
8036,2023-01-29 17:55:32,Hollindustries,Nestor ,Large Remote Armor Repairer II,494
8037,2023-01-29 17:55:36,Hollindustries,Nestor ,Large Remote Armor Repairer II,62
8038,2023-01-29 17:55:36,Hollindustries,Nestor ,Large Remote Armor Repairer II,0
8039,2023-01-29 17:55:39,Hollindustries,Nestor ,Large Remote Armor Repairer II,241
8040,2023-01-29 17:55:39,Hollindustries,Nestor ,Large Remote Armor Repairer II,0
8041,2023-01-29 17:55:43,Hollindustries,Nestor ,Large Remote Armor Repairer II,452
8042,2023-01-29 17:55:43,Hollindustries,Nestor ,Large Remote Armor Repairer II,0
8043,2023-01-29 17:55:47,Hollindustries,Nestor ,Large Remote Armor Repairer II,768
8044,2023-01-29 17:55:47,Hollindustries,Nestor ,Large Remote Armor Repairer II,768
8045,2023-01-29 17:55:51,Hollindustries,Nestor ,Large Remote Armor Repairer II,768
8046,2023-01-29 17:55:51,Hollindustries,Nestor ,Large Remote Armor Repairer II,127
8047,2023-01-29 17:55:54,Hollindustries,Nestor ,Large Remote Armor Repairer II,213
8048,2023-01-29 17:55:54,Hollindustries,Nestor ,Large Remote Armor Repairer II,0
8049,2023-01-29 17:55:58,Hollindustries,Nestor ,Large Remote Armor Repairer II,305
8050,2023-01-29 17:55:58,Hollindustries,Nestor ,Large Remote Armor Repairer II,0
8051,2023-01-29 17:56:02,Hollindustries,Nestor ,Large Remote Armor Repairer II,768
8052,2023-01-29 17:56:02,Hollindustries,Nestor ,Large Remote Armor Repairer II,768
8053,2023-01-29 17:56:05,Hollindustries,Nestor ,Large Remote Armor Repairer II,768
8054,2023-01-29 17:56:05,Hollindustries,Nestor ,Large Remote Armor Repairer II,33
8055,2023-01-29 17:56:09,Hollindustries,Nestor ,Large Remote Armor Repairer II,325
8056,2023-01-29 17:56:09,Hollindustries,Nestor ,Large Remote Armor Repairer II,0
8057,2023-01-29 17:56:13,Hollindustries,Nestor ,Large Remote Armor Repairer II,570
8058,2023-01-29 17:56:13,Hollindustries,Nestor ,Large Remote Armor Repairer II,0
8063,2023-01-29 17:56:17,Hollindustries,Nestor ,Large Remote Armor Repairer II,36
8064,2023-01-29 17:56:17,Hollindustries,Nestor ,Large Remote Armor Repairer II,0
8067,2023-01-29 17:56:20,Hollindustries,Nestor ,Large Remote Armor Repairer II,768
8068,2023-01-29 17:56:20,Hollindustries,Nestor ,Large Remote Armor Repairer II,768
8077,2023-01-29 17:56:24,Hollindustries,Nestor ,Large Remote Armor Repairer II,601
8078,2023-01-29 17:56:24,Hollindustries,Nestor ,Large Remote Armor Repairer II,0
8085,2023-01-29 17:56:28,Hollindustries,Nestor ,Large Remote Armor Repairer II,0
8086,2023-01-29 17:56:28,Hollindustries,Nestor ,Large Remote Armor Repairer II,0
8089,2023-01-29 17:56:31,Hollindustries,Nestor ,Large Remote Armor Repairer II,0
8090,2023-01-29 17:56:31,Hollindustries,Nestor ,Large Remote Armor Repairer II,0
8097,2023-01-29 17:56:35,Hollindustries,Nestor ,Large Remote Armor Repairer II,0
8098,2023-01-29 17:56:35,Hollindustries,Nestor ,Large Remote Armor Repairer II,0
8103,2023-01-29 17:56:39,Hollindustries,Nestor ,Large Remote Armor Repairer II,0
8104,2023-01-29 17:56:39,Hollindustries,Nestor ,Large Remote Armor Repairer II,0
8112,2023-01-29 17:56:43,Hollindustries,Nestor ,Large Remote Armor Repairer II,0
8113,2023-01-29 17:56:43,Hollindustries,Nestor ,Large Remote Armor Repairer II,0
8116,2023-01-29 17:56:46,Hollindustries,Nestor ,Large Remote Armor Repairer II,0
8117,2023-01-29 17:56:46,Hollindustries,Nestor ,Large Remote Armor Repairer II,0
8123,2023-01-29 17:56:50,Hollindustries,Nestor ,Large Remote Armor Repairer II,0
8124,2023-01-29 17:56:50,Hollindustries,Nestor ,Large Remote Armor Repairer II,0
8129,2023-01-29 17:56:54,Hollindustries,Nestor ,Large Remote Armor Repairer II,0
8130,2023-01-29 17:56:54,Hollindustries,Nestor ,Large Remote Armor Repairer II,0
8137,2023-01-29 17:56:57,Hollindustries,Nestor ,Large Remote Armor Repairer II,0
8138,2023-01-29 17:56:57,Hollindustries,Nestor ,Large Remote Armor Repairer II,0
8142,2023-01-29 17:57:01,Hollindustries,Nestor ,Large Remote Armor Repairer II,0
8143,2023-01-29 17:57:01,Hollindustries,Nestor ,Large Remote Armor Repairer II,0
8149,2023-01-29 17:57:05,Hollindustries,Nestor ,Large Remote Armor Repairer II,0
8150,2023-01-29 17:57:05,Hollindustries,Nestor ,Large Remote Armor Repairer II,0
8154,2023-01-29 17:57:09,Hollindustries,Nestor ,Large Remote Armor Repairer II,0
8155,2023-01-29 17:57:09,Hollindustries,Nestor ,Large Remote Armor Repairer II,0
8161,2023-01-29 17:57:13,Hollindustries,Nestor ,Large Remote Armor Repairer II,0
8162,2023-01-29 17:57:13,Hollindustries,Nestor ,Large Remote Armor Repairer II,0
8166,2023-01-29 17:57:16,Hollindustries,Nestor ,Large Remote Armor Repairer II,0
8167,2023-01-29 17:57:16,Hollindustries,Nestor ,Large Remote Armor Repairer II,0
8172,2023-01-29 17:57:20,Hollindustries,Nestor ,Large Remote Armor Repairer II,0
8173,2023-01-29 17:57:20,Hollindustries,Nestor ,Large Remote Armor Repairer II,0
8176,2023-01-29 17:57:23,Hollindustries,Nestor ,Large Remote Armor Repairer II,0
8177,2023-01-29 17:57:23,Hollindustries,Nestor ,Large Remote Armor Repairer II,0
8184,2023-01-29 17:57:27,Hollindustries,Nestor ,Large Remote Armor Repairer II,0
8185,2023-01-29 17:57:27,Hollindustries,Nestor ,Large Remote Armor Repairer II,0
8188,2023-01-29 17:57:31,Hollindustries,Nestor ,Large Remote Armor Repairer II,0
8189,2023-01-29 17:57:31,Hollindustries,Nestor ,Large Remote Armor Repairer II,0
8196,2023-01-29 17:57:35,Hollindustries,Nestor ,Large Remote Armor Repairer II,0
8197,2023-01-29 17:57:35,Hollindustries,Nestor ,Large Remote Armor Repairer II,0
8199,2023-01-29 17:57:38,Hollindustries,Nestor ,Large Remote Armor Repairer II,0
8200,2023-01-29 17:57:38,Hollindustries,Nestor ,Large Remote Armor Repairer II,0
8203,2023-01-29 17:57:42,Hollindustries,Nestor ,Large Remote Armor Repairer II,0
8204,2023-01-29 17:57:42,Hollindustries,Nestor ,Large Remote Armor Repairer II,0
8207,2023-01-29 17:57:46,Hollindustries,Nestor ,Large Remote Armor Repairer II,0
8208,2023-01-29 17:57:46,Hollindustries,Nestor ,Large Remote Armor Repairer II,0
8211,2023-01-29 17:57:49,Hollindustries,Nestor ,Large Remote Armor Repairer II,0
8212,2023-01-29 17:57:49,Hollindustries,Nestor ,Large Remote Armor Repairer II,0
8215,2023-01-29 17:57:53,Hollindustries,Nestor ,Large Remote Armor Repairer II,0
8216,2023-01-29 17:57:53,Hollindustries,Nestor ,Large Remote Armor Repairer II,0
8221,2023-01-29 17:57:57,Hollindustries,Nestor ,Large Remote Armor Repairer II,0
8222,2023-01-29 17:57:57,Hollindustries,Nestor ,Large Remote Armor Repairer II,0
8227,2023-01-29 17:58:01,Hollindustries,Nestor ,Large Remote Armor Repairer II,0
8228,2023-01-29 17:58:01,Hollindustries,Nestor ,Large Remote Armor Repairer II,0
8233,2023-01-29 17:58:04,Hollindustries,Nestor ,Large Remote Armor Repairer II,0
8234,2023-01-29 17:58:04,Hollindustries,Nestor ,Large Remote Armor Repairer II,0
8235,2023-01-29 17:58:08,Hollindustries,Nestor ,Large Remote Armor Repairer II,0
8236,2023-01-29 17:58:08,Hollindustries,Nestor ,Large Remote Armor Repairer II,0
8242,2023-01-29 17:58:12,Hollindustries,Nestor ,Large Remote Armor Repairer II,0
8243,2023-01-29 17:58:12,Hollindustries,Nestor ,Large Remote Armor Repairer II,0
8246,2023-01-29 17:58:15,Hollindustries,Nestor ,Large Remote Armor Repairer II,0
8247,2023-01-29 17:58:15,Hollindustries,Nestor ,Large Remote Armor Repairer II,0
8250,2023-01-29 17:58:19,Hollindustries,Nestor ,Large Remote Armor Repairer II,0
8251,2023-01-29 17:58:19,Hollindustries,Nestor ,Large Remote Armor Repairer II,0
8252,2023-01-29 17:58:23,Hollindustries,Nestor ,Large Remote Armor Repairer II,0
8253,2023-01-29 17:58:23,Hollindustries,Nestor ,Large Remote Armor Repairer II,0
8256,2023-01-29 17:58:27,Hollindustries,Nestor ,Large Remote Armor Repairer II,0
8257,2023-01-29 17:58:27,Hollindustries,Nestor ,Large Remote Armor Repairer II,0
8260,2023-01-29 17:58:30,Hollindustries,Nestor ,Large Remote Armor Repairer II,0
8261,2023-01-29 17:58:30,Hollindustries,Nestor ,Large Remote Armor Repairer II,0
8262,2023-01-29 17:58:34,Hollindustries,Nestor ,Large Remote Armor Repairer II,0
8263,2023-01-29 17:58:34,Hollindustries,Nestor ,Large Remote Armor Repairer II,0
8266,2023-01-29 17:58:38,Hollindustries,Nestor ,Large Remote Armor Repairer II,0
8267,2023-01-29 17:58:38,Hollindustries,Nestor ,Large Remote Armor Repairer II,0
8270,2023-01-29 17:58:41,Hollindustries,Nestor ,Large Remote Armor Repairer II,0
8271,2023-01-29 17:58:41,Hollindustries,Nestor ,Large Remote Armor Repairer II,0
8274,2023-01-29 17:58:45,Hollindustries,Nestor ,Large Remote Armor Repairer II,0
8275,2023-01-29 17:58:45,Hollindustries,Nestor ,Large Remote Armor Repairer II,0
8276,2023-01-29 17:58:49,Hollindustries,Nestor ,Large Remote Armor Repairer II,0
8277,2023-01-29 17:58:49,Hollindustries,Nestor ,Large Remote Armor Repairer II,0
8280,2023-01-29 17:58:53,Hollindustries,Nestor ,Large Remote Armor Repairer II,0
8281,2023-01-29 17:58:53,Hollindustries,Nestor ,Large Remote Armor Repairer II,0
8284,2023-01-29 17:58:56,Hollindustries,Nestor ,Large Remote Armor Repairer II,0
8285,2023-01-29 17:58:56,Hollindustries,Nestor ,Large Remote Armor Repairer II,0
8288,2023-01-29 17:59:00,Hollindustries,Nestor ,Large Remote Armor Repairer II,0
8289,2023-01-29 17:59:00,Hollindustries,Nestor ,Large Remote Armor Repairer II,0
8290,2023-01-29 17:59:04,Hollindustries,Nestor ,Large Remote Armor Repairer II,0
8291,2023-01-29 17:59:04,Hollindustries,Nestor ,Large Remote Armor Repairer II,0
8294,2023-01-29 17:59:07,Hollindustries,Nestor ,Large Remote Armor Repairer II,0
8295,2023-01-29 17:59:07,Hollindustries,Nestor ,Large Remote Armor Repairer II,0
8298,2023-01-29 17:59:11,Hollindustries,Nestor ,Large Remote Armor Repairer II,0
8299,2023-01-29 17:59:11,Hollindustries,Nestor ,Large Remote Armor Repairer II,0
8302,2023-01-29 17:59:15,Hollindustries,Nestor ,Large Remote Armor Repairer II,0
8303,2023-01-29 17:59:15,Hollindustries,Nestor ,Large Remote Armor Repairer II,0
8304,2023-01-29 17:59:19,Hollindustries,Nestor ,Large Remote Armor Repairer II,0
8305,2023-01-29 17:59:19,Hollindustries,Nestor ,Large Remote Armor Repairer II,0
8308,2023-01-29 17:59:22,Hollindustries,Nestor ,Large Remote Armor Repairer II,0
8309,2023-01-29 17:59:22,Hollindustries,Nestor ,Large Remote Armor Repairer II,0
8312,2023-01-29 17:59:26,Hollindustries,Nestor ,Large Remote Armor Repairer II,0
8313,2023-01-29 17:59:26,Hollindustries,Nestor ,Large Remote Armor Repairer II,0
8314,2023-01-29 17:59:30,Hollindustries,Nestor ,Large Remote Armor Repairer II,0
8315,2023-01-29 17:59:30,Hollindustries,Nestor ,Large Remote Armor Repairer II,0
8318,2023-01-29 17:59:33,Hollindustries,Nestor ,Large Remote Armor Repairer II,0
8319,2023-01-29 17:59:33,Hollindustries,Nestor ,Large Remote Armor Repairer II,0
8322,2023-01-29 17:59:37,Hollindustries,Nestor ,Large Remote Armor Repairer II,0
8323,2023-01-29 17:59:37,Hollindustries,Nestor ,Large Remote Armor Repairer II,0
8326,2023-01-29 17:59:41,Hollindustries,Nestor ,Large Remote Armor Repairer II,0
8327,2023-01-29 17:59:41,Hollindustries,Nestor ,Large Remote Armor Repairer II,0
8328,2023-01-29 17:59:45,Hollindustries,Nestor ,Large Remote Armor Repairer II,0
8329,2023-01-29 17:59:45,Hollindustries,Nestor ,Large Remote Armor Repairer II,0
8332,2023-01-29 17:59:48,Hollindustries,Nestor ,Large Remote Armor Repairer II,0
8333,2023-01-29 17:59:48,Hollindustries,Nestor ,Large Remote Armor Repairer II,0
8336,2023-01-29 17:59:52,Hollindustries,Nestor ,Large Remote Armor Repairer II,0
8337,2023-01-29 17:59:52,Hollindustries,Nestor ,Large Remote Armor Repairer II,0
8340,2023-01-29 17:59:56,Hollindustries,Nestor ,Large Remote Armor Repairer II,0
8341,2023-01-29 17:59:56,Hollindustries,Nestor ,Large Remote Armor Repairer II,0
8342,2023-01-29 17:59:59,Hollindustries,Nestor ,Large Remote Armor Repairer II,0
8343,2023-01-29 17:59:59,Hollindustries,Nestor ,Large Remote Armor Repairer II,0
8346,2023-01-29 18:00:03,Hollindustries,Nestor ,Large Remote Armor Repairer II,0
8347,2023-01-29 18:00:03,Hollindustries,Nestor ,Large Remote Armor Repairer II,0
8350,2023-01-29 18:00:07,Hollindustries,Nestor ,Large Remote Armor Repairer II,0
8351,2023-01-29 18:00:07,Hollindustries,Nestor ,Large Remote Armor Repairer II,0
8354,2023-01-29 18:00:11,Hollindustries,Nestor ,Large Remote Armor Repairer II,0
8355,2023-01-29 18:00:11,Hollindustries,Nestor ,Large Remote Armor Repairer II,0
8446,2023-01-29 19:37:30,Hollindustries,Legion ,Large Remote Armor Repairer II,753
8447,2023-01-29 19:37:30,Hollindustries,Legion ,Large Remote Armor Repairer II,753
8448,2023-01-29 19:37:31,Hollindustries,Legion ,Large Remote Armor Repairer II,753
8449,2023-01-29 19:37:34,Hollindustries,Legion ,Large Remote Armor Repairer II,753
8450,2023-01-29 19:37:35,Hollindustries,Legion ,Large Remote Armor Repairer II,753
8451,2023-01-29 19:37:35,Hollindustries,Legion ,Large Remote Armor Repairer II,753
8452,2023-01-29 19:37:38,Hollindustries,Legion ,Large Remote Armor Repairer II,752
8453,2023-01-29 19:37:39,Hollindustries,Legion ,Large Remote Armor Repairer II,750
8454,2023-01-29 19:37:39,Hollindustries,Legion ,Large Remote Armor Repairer II,66
8457,2023-01-29 19:37:43,Hollindustries,Legion ,Large Remote Armor Repairer II,752
8458,2023-01-29 19:37:43,Hollindustries,Legion ,Large Remote Armor Repairer II,0
8459,2023-01-29 19:37:43,Hollindustries,Legion ,Large Remote Armor Repairer II,197
8461,2023-01-29 19:37:47,Hollindustries,Legion ,Large Remote Armor Repairer II,759
8462,2023-01-29 19:37:48,Hollindustries,Legion ,Large Remote Armor Repairer II,433
8463,2023-01-29 19:37:48,Hollindustries,Legion ,Large Remote Armor Repairer II,0
8467,2023-01-29 19:37:52,Hollindustries,Legion ,Large Remote Armor Repairer II,251
8468,2023-01-29 19:37:52,Hollindustries,Legion ,Large Remote Armor Repairer II,0
8469,2023-01-29 19:37:53,Hollindustries,Legion ,Large Remote Armor Repairer II,261
8470,2023-01-29 19:37:56,Hollindustries,Legion ,Large Remote Armor Repairer II,0
8472,2023-01-29 19:37:57,Hollindustries,Legion ,Large Remote Armor Repairer II,239
8473,2023-01-29 19:37:57,Hollindustries,Legion ,Large Remote Armor Repairer II,0
8476,2023-01-29 19:38:00,Hollindustries,Legion ,Large Remote Armor Repairer II,0
8477,2023-01-29 19:38:00,Hollindustries,Legion ,Large Remote Armor Repairer II,0
8478,2023-01-29 19:38:01,Hollindustries,Legion ,Large Remote Armor Repairer II,114
8479,2023-01-29 19:38:03,Hollindustries,Legion ,Large Remote Armor Repairer II,0
8480,2023-01-29 19:38:04,Hollindustries,Legion ,Large Remote Armor Repairer II,27
8481,2023-01-29 19:38:04,Hollindustries,Legion ,Large Remote Armor Repairer II,0
8484,2023-01-29 19:38:07,Hollindustries,Legion ,Large Remote Armor Repairer II,0
8485,2023-01-29 19:38:08,Hollindustries,Legion ,Large Remote Armor Repairer II,0
8501,2023-01-29 19:39:01,Hollindustries,Leshak ,Large Remote Armor Repairer II,733
8502,2023-01-29 19:39:01,Hollindustries,Leshak ,Large Remote Armor Repairer II,733
8503,2023-01-29 19:39:01,Hollindustries,Leshak ,Large Remote Armor Repairer II,733
8504,2023-01-29 19:39:01,Hollindustries,Leshak ,Large Remote Armor Repairer II,733
8505,2023-01-29 19:39:05,Hollindustries,Leshak ,Large Remote Armor Repairer II,719
8506,2023-01-29 19:39:05,Hollindustries,Leshak ,Large Remote Armor Repairer II,719
8507,2023-01-29 19:39:05,Hollindustries,Leshak ,Large Remote Armor Repairer II,719
8508,2023-01-29 19:39:05,Hollindustries,Leshak ,Large Remote Armor Repairer II,722
8509,2023-01-29 19:39:05,Hollindustries,Leshak ,Large Remote Armor Repairer II,726
8510,2023-01-29 19:39:05,Hollindustries,Leshak ,Large Remote Armor Repairer II,726
8512,2023-01-29 19:39:08,Hollindustries,Leshak ,Large Remote Armor Repairer II,724
8513,2023-01-29 19:39:08,Hollindustries,Leshak ,Large Remote Armor Repairer II,724
8514,2023-01-29 19:39:08,Hollindustries,Leshak ,Large Remote Armor Repairer II,724
8516,2023-01-29 19:39:09,Hollindustries,Leshak ,Large Remote Armor Repairer II,724
8517,2023-01-29 19:39:09,Hollindustries,Leshak ,Large Remote Armor Repairer II,724
8518,2023-01-29 19:39:10,Hollindustries,Leshak ,Large Remote Armor Repairer II,724
8520,2023-01-29 19:39:12,Hollindustries,Leshak ,Large Remote Armor Repairer II,0
8521,2023-01-29 19:39:12,Hollindustries,Leshak ,Large Remote Armor Repairer II,0
8522,2023-01-29 19:39:12,Hollindustries,Leshak ,Large Remote Armor Repairer II,0
8523,2023-01-29 19:39:12,Hollindustries,Leshak ,Large Remote Armor Repairer II,0
8524,2023-01-29 19:39:13,Hollindustries,Leshak ,Large Remote Armor Repairer II,555
8525,2023-01-29 19:39:13,Hollindustries,Leshak ,Large Remote Armor Repairer II,0
8526,2023-01-29 19:39:16,Hollindustries,Leshak ,Large Remote Armor Repairer II,0
8527,2023-01-29 19:39:16,Hollindustries,Leshak ,Large Remote Armor Repairer II,0
8528,2023-01-29 19:39:16,Hollindustries,Leshak ,Large Remote Armor Repairer II,0
8529,2023-01-29 19:39:16,Hollindustries,Leshak ,Large Remote Armor Repairer II,0
8530,2023-01-29 19:39:16,Hollindustries,Leshak ,Large Remote Armor Repairer II,0
8531,2023-01-29 19:39:17,Hollindustries,Leshak ,Large Remote Armor Repairer II,0
8533,2023-01-29 19:39:20,Hollindustries,Leshak ,Large Remote Armor Repairer II,0
8534,2023-01-29 19:39:21,Hollindustries,Leshak ,Large Remote Armor Repairer II,0
8535,2023-01-29 19:39:21,Hollindustries,Bhaalgorn ,Large Remote Armor Repairer II,745
8536,2023-01-29 19:39:21,Hollindustries,Bhaalgorn ,Large Remote Armor Repairer II,745
8537,2023-01-29 19:39:21,Hollindustries,Bhaalgorn ,Large Remote Armor Repairer II,745
8538,2023-01-29 19:39:22,Hollindustries,Bhaalgorn ,Large Remote Armor Repairer II,736
8539,2023-01-29 19:39:25,Hollindustries,Bhaalgorn ,Large Remote Armor Repairer II,734
8540,2023-01-29 19:39:25,Hollindustries,Bhaalgorn ,Large Remote Armor Repairer II,734
8541,2023-01-29 19:39:25,Hollindustries,Bhaalgorn ,Large Remote Armor Repairer II,734
8542,2023-01-29 19:39:25,Hollindustries,Bhaalgorn ,Large Remote Armor Repairer II,734
8543,2023-01-29 19:39:26,Hollindustries,Bhaalgorn ,Large Remote Armor Repairer II,731
8544,2023-01-29 19:39:28,Hollindustries,Bhaalgorn ,Large Remote Armor Repairer II,722
8545,2023-01-29 19:39:29,Hollindustries,Bhaalgorn ,Large Remote Armor Repairer II,722
8546,2023-01-29 19:39:29,Hollindustries,Bhaalgorn ,Large Remote Armor Repairer II,722
8547,2023-01-29 19:39:29,Hollindustries,Bhaalgorn ,Large Remote Armor Repairer II,722
8548,2023-01-29 19:39:29,Hollindustries,Bhaalgorn ,Large Remote Armor Repairer II,722
8549,2023-01-29 19:39:31,Hollindustries,Bhaalgorn ,Large Remote Armor Repairer II,721
8550,2023-01-29 19:39:32,Hollindustries,Bhaalgorn ,Large Remote Armor Repairer II,715
8551,2023-01-29 19:39:32,Hollindustries,Bhaalgorn ,Large Remote Armor Repairer II,715
8552,2023-01-29 19:39:32,Hollindustries,Bhaalgorn ,Large Remote Armor Repairer II,715
8553,2023-01-29 19:39:32,Hollindustries,Bhaalgorn ,Large Remote Armor Repairer II,715
8554,2023-01-29 19:39:33,Hollindustries,Bhaalgorn ,Large Remote Armor Repairer II,717
8555,2023-01-29 19:39:35,Hollindustries,Bhaalgorn ,Large Remote Armor Repairer II,716
8556,2023-01-29 19:39:36,Hollindustries,Bhaalgorn ,Large Remote Armor Repairer II,716
8557,2023-01-29 19:39:36,Hollindustries,Bhaalgorn ,Large Remote Armor Repairer II,716
8558,2023-01-29 19:39:36,Hollindustries,Bhaalgorn ,Large Remote Armor Repairer II,716
8559,2023-01-29 19:39:36,Hollindustries,Bhaalgorn ,Large Remote Armor Repairer II,716
8560,2023-01-29 19:39:37,Hollindustries,Bhaalgorn ,Large Remote Armor Repairer II,714
8561,2023-01-29 19:39:39,Hollindustries,Bhaalgorn ,Large Remote Armor Repairer II,715
8562,2023-01-29 19:39:40,Hollindustries,Bhaalgorn ,Large Remote Armor Repairer II,715
8563,2023-01-29 19:39:40,Hollindustries,Bhaalgorn ,Large Remote Armor Repairer II,715
8564,2023-01-29 19:39:40,Hollindustries,Bhaalgorn ,Large Remote Armor Repairer II,715
8565,2023-01-29 19:39:40,Hollindustries,Bhaalgorn ,Large Remote Armor Repairer II,715
8566,2023-01-29 19:39:40,Hollindustries,Bhaalgorn ,Large Remote Armor Repairer II,715
8567,2023-01-29 19:39:42,Hollindustries,Bhaalgorn ,Large Remote Armor Repairer II,716
8568,2023-01-29 19:39:42,Hollindustries,Bhaalgorn ,Large Remote Armor Repairer II,716
8569,2023-01-29 19:39:42,Hollindustries,Bhaalgorn ,Large Remote Armor Repairer II,716
8570,2023-01-29 19:39:42,Hollindustries,Bhaalgorn ,Large Remote Armor Repairer II,716
8571,2023-01-29 19:39:43,Hollindustries,Bhaalgorn ,Large Remote Armor Repairer II,716
8572,2023-01-29 19:39:43,Hollindustries,Bhaalgorn ,Large Remote Armor Repairer II,716
8573,2023-01-29 19:39:46,Hollindustries,Bhaalgorn ,Large Remote Armor Repairer II,716
8574,2023-01-29 19:39:47,Hollindustries,Bhaalgorn ,Large Remote Armor Repairer II,716
8575,2023-01-29 19:39:47,Hollindustries,Bhaalgorn ,Large Remote Armor Repairer II,716
8576,2023-01-29 19:39:47,Hollindustries,Bhaalgorn ,Large Remote Armor Repairer II,716
8577,2023-01-29 19:39:47,Hollindustries,Bhaalgorn ,Large Remote Armor Repairer II,716
8578,2023-01-29 19:39:48,Hollindustries,Bhaalgorn ,Large Remote Armor Repairer II,0
8579,2023-01-29 19:39:50,Hollindustries,Bhaalgorn ,Large Remote Armor Repairer II,0
8580,2023-01-29 19:39:51,Hollindustries,Bhaalgorn ,Large Remote Armor Repairer II,383
8581,2023-01-29 19:39:51,Hollindustries,Bhaalgorn ,Large Remote Armor Repairer II,0
8582,2023-01-29 19:39:51,Hollindustries,Bhaalgorn ,Large Remote Armor Repairer II,0
8583,2023-01-29 19:39:51,Hollindustries,Bhaalgorn ,Large Remote Armor Repairer II,0
8584,2023-01-29 19:39:52,Hollindustries,Bhaalgorn ,Large Remote Armor Repairer II,0
8585,2023-01-29 19:39:53,Hollindustries,Bhaalgorn ,Large Remote Armor Repairer II,0
8586,2023-01-29 19:39:53,Hollindustries,Bhaalgorn ,Large Remote Armor Repairer II,0
8587,2023-01-29 19:39:55,Hollindustries,Bhaalgorn ,Large Remote Armor Repairer II,0
8588,2023-01-29 19:39:55,Hollindustries,Bhaalgorn ,Large Remote Armor Repairer II,0
8589,2023-01-29 19:39:55,Hollindustries,Bhaalgorn ,Large Remote Armor Repairer II,0
8590,2023-01-29 19:39:55,Hollindustries,Bhaalgorn ,Large Remote Armor Repairer II,0
8591,2023-01-29 19:39:57,Hollindustries,Bhaalgorn ,Large Remote Armor Repairer II,0
8593,2023-01-29 19:39:58,Hollindustries,Bhaalgorn ,Large Remote Armor Repairer II,0
8594,2023-01-29 19:39:58,Hollindustries,Bhaalgorn ,Large Remote Armor Repairer II,0
8595,2023-01-29 19:39:58,Hollindustries,Bhaalgorn ,Large Remote Armor Repairer II,0
8596,2023-01-29 19:39:58,Hollindustries,Bhaalgorn ,Large Remote Armor Repairer II,0
8601,2023-01-29 19:39:59,Hollindustries,Bhaalgorn ,Large Remote Armor Repairer II,0
8687,2023-01-29 19:41:31,Hollindustries,Leshak ,Large Remote Armor Repairer II,85
8689,2023-01-29 19:41:32,Hollindustries,Leshak ,Large Remote Armor Repairer II,113
8690,2023-01-29 19:41:32,Hollindustries,Leshak ,Large Remote Armor Repairer II,113
8691,2023-01-29 19:41:32,Hollindustries,Leshak ,Large Remote Armor Repairer II,113
8692,2023-01-29 19:41:34,Hollindustries,Leshak ,Large Remote Armor Repairer II,187
8694,2023-01-29 19:41:35,Hollindustries,Leshak ,Large Remote Armor Repairer II,234
8695,2023-01-29 19:41:35,Hollindustries,Leshak ,Large Remote Armor Repairer II,234
8696,2023-01-29 19:41:35,Hollindustries,Leshak ,Large Remote Armor Repairer II,233
8698,2023-01-29 19:41:36,Hollindustries,Leshak ,Large Remote Armor Repairer II,287
8699,2023-01-29 19:41:38,Hollindustries,Leshak ,Large Remote Armor Repairer II,411
8700,2023-01-29 19:41:38,Hollindustries,Leshak ,Large Remote Armor Repairer II,412
8701,2023-01-29 19:41:39,Hollindustries,Leshak ,Large Remote Armor Repairer II,476
8702,2023-01-29 19:41:39,Hollindustries,Leshak ,Large Remote Armor Repairer II,476
8703,2023-01-29 19:41:39,Hollindustries,Leshak ,Large Remote Armor Repairer II,475
8704,2023-01-29 19:41:39,Hollindustries,Leshak ,Large Remote Armor Repairer II,475
8705,2023-01-29 19:41:41,Hollindustries,Leshak ,Large Remote Armor Repairer II,600
8706,2023-01-29 19:41:42,Hollindustries,Leshak ,Large Remote Armor Repairer II,650
8707,2023-01-29 19:41:42,Hollindustries,Leshak ,Large Remote Armor Repairer II,651
8708,2023-01-29 19:41:43,Hollindustries,Leshak ,Large Remote Armor Repairer II,690
8709,2023-01-29 19:41:43,Hollindustries,Leshak ,Large Remote Armor Repairer II,689
8710,2023-01-29 19:41:43,Hollindustries,Leshak ,Large Remote Armor Repairer II,687
8711,2023-01-29 19:41:45,Hollindustries,Leshak ,Large Remote Armor Repairer II,731
8712,2023-01-29 19:41:45,Hollindustries,Leshak ,Large Remote Armor Repairer II,734
8713,2023-01-29 19:41:45,Hollindustries,Leshak ,Large Remote Armor Repairer II,733
8714,2023-01-29 19:41:46,Hollindustries,Leshak ,Large Remote Armor Repairer II,734
8715,2023-01-29 19:41:46,Hollindustries,Leshak ,Large Remote Armor Repairer II,734
8716,2023-01-29 19:41:46,Hollindustries,Leshak ,Large Remote Armor Repairer II,733
8717,2023-01-29 19:41:49,Hollindustries,Leshak ,Large Remote Armor Repairer II,735
8718,2023-01-29 19:41:49,Hollindustries,Leshak ,Large Remote Armor Repairer II,735
8719,2023-01-29 19:41:50,Hollindustries,Leshak ,Large Remote Armor Repairer II,735
8720,2023-01-29 19:41:50,Hollindustries,Leshak ,Large Remote Armor Repairer II,737
8721,2023-01-29 19:41:50,Hollindustries,Leshak ,Large Remote Armor Repairer II,737
8722,2023-01-29 19:41:51,Hollindustries,Leshak ,Large Remote Armor Repairer II,737
8723,2023-01-29 19:41:52,Hollindustries,Leshak ,Large Remote Armor Repairer II,734
8724,2023-01-29 19:41:53,Hollindustries,Leshak ,Large Remote Armor Repairer II,734
8725,2023-01-29 19:41:53,Hollindustries,Leshak ,Large Remote Armor Repairer II,734
8728,2023-01-29 19:41:54,Hollindustries,Leshak ,Large Remote Armor Repairer II,734
8729,2023-01-29 19:41:54,Hollindustries,Leshak ,Large Remote Armor Repairer II,0
8730,2023-01-29 19:41:54,Hollindustries,Leshak ,Large Remote Armor Repairer II,0
8734,2023-01-29 19:41:55,Hollindustries,Leshak ,Large Remote Armor Repairer II,218
8735,2023-01-29 19:41:56,Hollindustries,Leshak ,Large Remote Armor Repairer II,0
8736,2023-01-29 19:41:56,Hollindustries,Leshak ,Large Remote Armor Repairer II,0
8739,2023-01-29 19:41:58,Hollindustries,Leshak ,Large Remote Armor Repairer II,0
8740,2023-01-29 19:41:58,Hollindustries,Leshak ,Large Remote Armor Repairer II,28
8741,2023-01-29 19:41:58,Hollindustries,Leshak ,Large Remote Armor Repairer II,0
8745,2023-01-29 19:42:00,Hollindustries,Leshak ,Large Remote Armor Repairer II,0
8746,2023-01-29 19:42:01,Hollindustries,Leshak ,Large Remote Armor Repairer II,482
8747,2023-01-29 19:42:01,Hollindustries,Leshak ,Large Remote Armor Repairer II,30
8748,2023-01-29 19:42:01,Hollindustries,Leshak ,Large Remote Armor Repairer II,0
8749,2023-01-29 19:42:01,Hollindustries,Leshak ,Large Remote Armor Repairer II,0
8754,2023-01-29 19:42:02,Hollindustries,Leshak ,Large Remote Armor Repairer II,0
8758,2023-01-29 19:42:04,Hollindustries,Leshak ,Large Remote Armor Repairer II,0
8759,2023-01-29 19:42:04,Hollindustries,Leshak ,Large Remote Armor Repairer II,0
8760,2023-01-29 19:42:05,Hollindustries,Leshak ,Large Remote Armor Repairer II,232
8766,2023-01-29 19:42:06,Hollindustries,Leshak -BUH-,Large Remote Armor Repairer II,753
8767,2023-01-29 19:42:06,Hollindustries,Leshak -BUH-,Large Remote Armor Repairer II,753
8768,2023-01-29 19:42:06,Hollindustries,Leshak -BUH-,Large Remote Armor Repairer II,753
8773,2023-01-29 19:42:09,Hollindustries,Leshak ,Large Remote Armor Repairer II,501
8774,2023-01-29 19:42:09,Hollindustries,Leshak -BUH-,Large Remote Armor Repairer II,736
8775,2023-01-29 19:42:09,Hollindustries,Leshak -BUH-,Large Remote Armor Repairer II,735
8787,2023-01-29 19:42:10,Hollindustries,Leshak -BUH-,Large Remote Armor Repairer II,733
8788,2023-01-29 19:42:10,Hollindustries,Leshak -BUH-,Large Remote Armor Repairer II,733
8789,2023-01-29 19:42:10,Hollindustries,Leshak -BUH-,Large Remote Armor Repairer II,733
8797,2023-01-29 19:42:12,Hollindustries,Leshak ,Large Remote Armor Repairer II,0
8798,2023-01-29 19:42:12,Hollindustries,Leshak -BUH-,Large Remote Armor Repairer II,731
8800,2023-01-29 19:42:12,Hollindustries,Leshak -BUH-,Large Remote Armor Repairer II,731
8807,2023-01-29 19:42:14,Hollindustries,Leshak -BUH-,Large Remote Armor Repairer II,729
8808,2023-01-29 19:42:15,Hollindustries,Leshak -BUH-,Large Remote Armor Repairer II,731
8809,2023-01-29 19:42:15,Hollindustries,Leshak -BUH-,Large Remote Armor Repairer II,731
8820,2023-01-29 19:42:16,Hollindustries,Leshak ,Large Remote Armor Repairer II,457
8823,2023-01-29 19:42:16,Hollindustries,Leshak -BUH-,Large Remote Armor Repairer II,733
8824,2023-01-29 19:42:16,Hollindustries,Leshak -BUH-,Large Remote Armor Repairer II,733
8833,2023-01-29 19:42:18,Hollindustries,Leshak -BUH-,Large Remote Armor Repairer II,733
8834,2023-01-29 19:42:18,Hollindustries,Leshak -BUH-,Large Remote Armor Repairer II,733
8835,2023-01-29 19:42:18,Hollindustries,Leshak -BUH-,Large Remote Armor Repairer II,733
8849,2023-01-29 19:42:20,Hollindustries,Leshak ,Large Remote Armor Repairer II,0
8851,2023-01-29 19:42:20,Hollindustries,Leshak -BUH-,Large Remote Armor Repairer II,0
8853,2023-01-29 19:42:21,Hollindustries,Leshak -BUH-,Large Remote Armor Repairer II,0
8864,2023-01-29 19:42:21,Hollindustries,Leshak -BUH-,Large Remote Armor Repairer II,0
8866,2023-01-29 19:42:21,Hollindustries,Leshak -BUH-,Large Remote Armor Repairer II,0
8867,2023-01-29 19:42:21,Hollindustries,Leshak -BUH-,Large Remote Armor Repairer II,0
8891,2023-01-29 19:42:23,Hollindustries,Leshak ,Large Remote Armor Repairer II,768
8892,2023-01-29 19:42:23,Hollindustries,Leshak -BUH-,Large Remote Armor Repairer II,0
8893,2023-01-29 19:42:23,Hollindustries,Leshak -BUH-,Large Remote Armor Repairer II,0
8904,2023-01-29 19:42:26,Hollindustries,Leshak -BUH-,Large Remote Armor Repairer II,0
8909,2023-01-29 19:42:26,Hollindustries,Leshak -BUH-,Large Remote Armor Repairer II,0
8910,2023-01-29 19:42:26,Hollindustries,Leshak -BUH-,Large Remote Armor Repairer II,0
8920,2023-01-29 19:42:27,Hollindustries,Leshak ,Large Remote Armor Repairer II,575
8927,2023-01-29 19:42:28,Hollindustries,Leshak -BUH-,Large Remote Armor Repairer II,0
8928,2023-01-29 19:42:28,Hollindustries,Leshak -BUH-,Large Remote Armor Repairer II,0
8938,2023-01-29 19:42:29,Hollindustries,Leshak -BUH-,Large Remote Armor Repairer II,0
8939,2023-01-29 19:42:29,Hollindustries,Leshak -BUH-,Large Remote Armor Repairer II,0
8940,2023-01-29 19:42:29,Hollindustries,Leshak -BUH-,Large Remote Armor Repairer II,0
8961,2023-01-29 19:42:31,Hollindustries,Leshak ,Large Remote Armor Repairer II,0
8962,2023-01-29 19:42:31,Hollindustries,Leshak -BUH-,Large Remote Armor Repairer II,0
8970,2023-01-29 19:42:31,Hollindustries,Leshak -BUH-,Large Remote Armor Repairer II,0
8981,2023-01-29 19:42:33,Hollindustries,Leshak -BUH-,Large Remote Armor Repairer II,0
8983,2023-01-29 19:42:33,Hollindustries,Leshak -BUH-,Large Remote Armor Repairer II,0
8984,2023-01-29 19:42:33,Hollindustries,Leshak -BUH-,Large Remote Armor Repairer II,0
9017,2023-01-29 19:42:35,Hollindustries,Leshak ,Large Remote Armor Repairer II,0
9022,2023-01-29 19:42:35,Hollindustries,Leshak -BUH-,Large Remote Armor Repairer II,0
9024,2023-01-29 19:42:35,Hollindustries,Leshak -BUH-,Large Remote Armor Repairer II,0
9040,2023-01-29 19:42:37,Hollindustries,Leshak -BUH-,Large Remote Armor Repairer II,0
9041,2023-01-29 19:42:37,Hollindustries,Leshak -BUH-,Large Remote Armor Repairer II,0
9042,2023-01-29 19:42:37,Hollindustries,Leshak -BUH-,Large Remote Armor Repairer II,0
